"","iter","comparisons","p.vals"
"1","1","Hs and GRP and LOCUS","0.0929659335528445"
"2","1","EVENNESS and GRP and LOCUS","0.206741838496308"
"3","1","Ht and GRP and LOCUS","0.0929659335528445"
"4","1","Fis and GRP and LOCUS","0.755354211987762"
"5","1","SHANNON_IDX and GRP and LOCUS","0.0173512652366645"
"6","1","value and variable and LOCUS","0.0492968977018185"
"7","1","hobs and Bay and locus","0.336659875125563"
"8","2","Hs and GRP and LOCUS","0.206741838496308"
"9","2","EVENNESS and GRP and LOCUS","0.373228025833499"
"10","2","Ht and GRP and LOCUS","0.206741838496308"
"11","2","Fis and GRP and LOCUS","0.609214612517845"
"12","2","SHANNON_IDX and GRP and LOCUS","0.071913362764665"
"13","2","value and variable and LOCUS","0.0492968977018185"
"14","2","hobs and Bay and locus","0.336659875125563"
"15","3","Hs and GRP and LOCUS","0.0649600963068597"
"16","3","EVENNESS and GRP and LOCUS","0.146842387825435"
"17","3","Ht and GRP and LOCUS","0.0649600963068597"
"18","3","Fis and GRP and LOCUS","0.272249916505032"
"19","3","SHANNON_IDX and GRP and LOCUS","0.00548500669785525"
"20","3","value and variable and LOCUS","0.0492968977018185"
"21","3","hobs and Bay and locus","0.336659875125563"
"22","4","Hs and GRP and LOCUS","0.0598617972613097"
"23","4","EVENNESS and GRP and LOCUS","0.239729479525153"
"24","4","Ht and GRP and LOCUS","0.0598617972613097"
"25","4","Fis and GRP and LOCUS","0.313923901085989"
"26","4","SHANNON_IDX and GRP and LOCUS","0.0518430794796662"
"27","4","value and variable and LOCUS","0.0492968977018185"
"28","4","hobs and Bay and locus","0.336659875125563"
"29","5","Hs and GRP and LOCUS","0.0126756720040873"
"30","5","EVENNESS and GRP and LOCUS","0.0811867448970006"
"31","5","Ht and GRP and LOCUS","0.0126756720040873"
"32","5","Fis and GRP and LOCUS","0.626823123978229"
"33","5","SHANNON_IDX and GRP and LOCUS","0.0364205813083916"
"34","5","value and variable and LOCUS","0.0492968977018185"
"35","5","hobs and Bay and locus","0.336659875125563"
"36","6","Hs and GRP and LOCUS","0.0690514473055673"
"37","6","EVENNESS and GRP and LOCUS","0.123252075180644"
"38","6","Ht and GRP and LOCUS","0.0690514473055673"
"39","6","Fis and GRP and LOCUS","0.303037557719149"
"40","6","SHANNON_IDX and GRP and LOCUS","0.0321151783444109"
"41","6","value and variable and LOCUS","0.0492968977018185"
"42","6","hobs and Bay and locus","0.336659875125563"
"43","7","Hs and GRP and LOCUS","0.0649600963068597"
"44","7","EVENNESS and GRP and LOCUS","0.19544523061179"
"45","7","Ht and GRP and LOCUS","0.0649600963068597"
"46","7","Fis and GRP and LOCUS","0.118508470818739"
"47","7","SHANNON_IDX and GRP and LOCUS","0.0412784006632408"
"48","7","value and variable and LOCUS","0.0492968977018185"
"49","7","hobs and Bay and locus","0.336659875125563"
"50","8","Hs and GRP and LOCUS","0.0564935563725227"
"51","8","EVENNESS and GRP and LOCUS","0.253232594350385"
"52","8","Ht and GRP and LOCUS","0.0564935563725227"
"53","8","Fis and GRP and LOCUS","0.7000624553136"
"54","8","SHANNON_IDX and GRP and LOCUS","0.0301507588462629"
"55","8","value and variable and LOCUS","0.0492968977018185"
"56","8","hobs and Bay and locus","0.336659875125563"
"57","9","Hs and GRP and LOCUS","0.032517467998993"
"58","9","EVENNESS and GRP and LOCUS","0.158597619825332"
"59","9","Ht and GRP and LOCUS","0.032517467998993"
"60","9","Fis and GRP and LOCUS","0.963063686886233"
"61","9","SHANNON_IDX and GRP and LOCUS","0.0228997154167874"
"62","9","value and variable and LOCUS","0.0492968977018185"
"63","9","hobs and Bay and locus","0.336659875125563"
"64","10","Hs and GRP and LOCUS","0.0421462831278601"
"65","10","EVENNESS and GRP and LOCUS","0.0430316532079032"
"66","10","Ht and GRP and LOCUS","0.0421462831278601"
"67","10","Fis and GRP and LOCUS","0.386086014541581"
"68","10","SHANNON_IDX and GRP and LOCUS","0.0371901540496454"
"69","10","value and variable and LOCUS","0.0492968977018185"
"70","10","hobs and Bay and locus","0.336659875125563"
"71","11","Hs and GRP and LOCUS","0.164790383284819"
"72","11","EVENNESS and GRP and LOCUS","0.199148273471456"
"73","11","Ht and GRP and LOCUS","0.164790383284819"
"74","11","Fis and GRP and LOCUS","0.957348743575746"
"75","11","SHANNON_IDX and GRP and LOCUS","0.101177397134286"
"76","11","value and variable and LOCUS","0.0492968977018185"
"77","11","hobs and Bay and locus","0.336659875125563"
"78","12","Hs and GRP and LOCUS","0.00300238400884411"
"79","12","EVENNESS and GRP and LOCUS","0.0439348401184536"
"80","12","Ht and GRP and LOCUS","0.00300238400884411"
"81","12","Fis and GRP and LOCUS","0.493245514942384"
"82","12","SHANNON_IDX and GRP and LOCUS","0.00440000761689027"
"83","12","value and variable and LOCUS","0.0492968977018185"
"84","12","hobs and Bay and locus","0.336659875125563"
"85","13","Hs and GRP and LOCUS","0.0897637063704031"
"86","13","EVENNESS and GRP and LOCUS","0.0088788206371082"
"87","13","Ht and GRP and LOCUS","0.0897637063704031"
"88","13","Fis and GRP and LOCUS","0.123252075180644"
"89","13","SHANNON_IDX and GRP and LOCUS","0.0879829919294423"
"90","13","value and variable and LOCUS","0.0492968977018185"
"91","13","hobs and Bay and locus","0.336659875125563"
"92","14","Hs and GRP and LOCUS","0.0649600963068597"
"93","14","EVENNESS and GRP and LOCUS","0.287297495183646"
"94","14","Ht and GRP and LOCUS","0.0649600963068597"
"95","14","Fis and GRP and LOCUS","0.533478928931562"
"96","14","SHANNON_IDX and GRP and LOCUS","0.0529223551566082"
"97","14","value and variable and LOCUS","0.0492968977018185"
"98","14","hobs and Bay and locus","0.336659875125563"
"99","15","Hs and GRP and LOCUS","0.036123221209645"
"100","15","EVENNESS and GRP and LOCUS","0.161667115955365"
"101","15","Ht and GRP and LOCUS","0.036123221209645"
"102","15","Fis and GRP and LOCUS","0.28220555257319"
"103","15","SHANNON_IDX and GRP and LOCUS","0.0249289519526271"
"104","15","value and variable and LOCUS","0.0492968977018185"
"105","15","hobs and Bay and locus","0.336659875125563"
"106","16","Hs and GRP and LOCUS","0.0169832997607356"
"107","16","EVENNESS and GRP and LOCUS","0.146842387825435"
"108","16","Ht and GRP and LOCUS","0.0169832997607356"
"109","16","Fis and GRP and LOCUS","0.886260168370955"
"110","16","SHANNON_IDX and GRP and LOCUS","0.0159243608083492"
"111","16","value and variable and LOCUS","0.0492968977018185"
"112","16","hobs and Bay and locus","0.336659875125563"
"113","17","Hs and GRP and LOCUS","0.0676612645530827"
"114","17","EVENNESS and GRP and LOCUS","0.128170572917065"
"115","17","Ht and GRP and LOCUS","0.0676612645530827"
"116","17","Fis and GRP and LOCUS","0.894272206089754"
"117","17","SHANNON_IDX and GRP and LOCUS","0.0131188277852148"
"118","17","value and variable and LOCUS","0.0492968977018185"
"119","17","hobs and Bay and locus","0.336659875125563"
"120","18","Hs and GRP and LOCUS","0.0623614661317107"
"121","18","EVENNESS and GRP and LOCUS","0.174490384554541"
"122","18","Ht and GRP and LOCUS","0.0623614661317107"
"123","18","Fis and GRP and LOCUS","0.406005849709838"
"124","18","SHANNON_IDX and GRP and LOCUS","0.0439348401184536"
"125","18","value and variable and LOCUS","0.0492968977018185"
"126","18","hobs and Bay and locus","0.336659875125563"
"127","19","Hs and GRP and LOCUS","0.0467546762950518"
"128","19","EVENNESS and GRP and LOCUS","0.399281375643186"
"129","19","Ht and GRP and LOCUS","0.0467546762950518"
"130","19","Fis and GRP and LOCUS","0.817749211273164"
"131","19","SHANNON_IDX and GRP and LOCUS","0.0295221069262744"
"132","19","value and variable and LOCUS","0.0492968977018185"
"133","19","hobs and Bay and locus","0.336659875125563"
"134","20","Hs and GRP and LOCUS","0.019316927308736"
"135","20","EVENNESS and GRP and LOCUS","0.0146119005813293"
"136","20","Ht and GRP and LOCUS","0.019316927308736"
"137","20","Fis and GRP and LOCUS","0.617991879881754"
"138","20","SHANNON_IDX and GRP and LOCUS","0.00402772058716538"
"139","20","value and variable and LOCUS","0.0492968977018185"
"140","20","hobs and Bay and locus","0.336659875125563"
"141","21","Hs and GRP and LOCUS","0.0915781944436709"
"142","21","EVENNESS and GRP and LOCUS","0.0649600963068597"
"143","21","Ht and GRP and LOCUS","0.0915781944436709"
"144","21","Fis and GRP and LOCUS","0.754144995736277"
"145","21","SHANNON_IDX and GRP and LOCUS","0.00393959649111514"
"146","21","value and variable and LOCUS","0.0492968977018185"
"147","21","hobs and Bay and locus","0.336659875125563"
"148","22","Hs and GRP and LOCUS","0.0676612645530827"
"149","22","EVENNESS and GRP and LOCUS","0.184701729813587"
"150","22","Ht and GRP and LOCUS","0.0676612645530827"
"151","22","Fis and GRP and LOCUS","0.533044448153968"
"152","22","SHANNON_IDX and GRP and LOCUS","0.0795666168147359"
"153","22","value and variable and LOCUS","0.0492968977018185"
"154","22","hobs and Bay and locus","0.336659875125563"
"155","23","Hs and GRP and LOCUS","0.103206721726129"
"156","23","EVENNESS and GRP and LOCUS","0.477878344488724"
"157","23","Ht and GRP and LOCUS","0.103206721726129"
"158","23","Fis and GRP and LOCUS","0.886260168370955"
"159","23","SHANNON_IDX and GRP and LOCUS","0.144030568376783"
"160","23","value and variable and LOCUS","0.0492968977018185"
"161","23","hobs and Bay and locus","0.336659875125563"
"162","24","Hs and GRP and LOCUS","0.109524607815211"
"163","24","EVENNESS and GRP and LOCUS","0.348517425097324"
"164","24","Ht and GRP and LOCUS","0.109524607815211"
"165","24","Fis and GRP and LOCUS","0.799778861248532"
"166","24","SHANNON_IDX and GRP and LOCUS","0.171201256709138"
"167","24","value and variable and LOCUS","0.0492968977018185"
"168","24","hobs and Bay and locus","0.336659875125563"
"169","25","Hs and GRP and LOCUS","0.11918925526037"
"170","25","EVENNESS and GRP and LOCUS","0.325129951470739"
"171","25","Ht and GRP and LOCUS","0.11918925526037"
"172","25","Fis and GRP and LOCUS","0.549493168584713"
"173","25","SHANNON_IDX and GRP and LOCUS","0.101177397134286"
"174","25","value and variable and LOCUS","0.0492968977018185"
"175","25","hobs and Bay and locus","0.336659875125563"
"176","26","Hs and GRP and LOCUS","0.0676612645530827"
"177","26","EVENNESS and GRP and LOCUS","0.0356663390700792"
"178","26","Ht and GRP and LOCUS","0.0676612645530827"
"179","26","Fis and GRP and LOCUS","0.58323302328023"
"180","26","SHANNON_IDX and GRP and LOCUS","0.0295221069262744"
"181","26","value and variable and LOCUS","0.0492968977018185"
"182","26","hobs and Bay and locus","0.336659875125563"
"183","27","Hs and GRP and LOCUS","0.0430316532079032"
"184","27","EVENNESS and GRP and LOCUS","0.141268081882402"
"185","27","Ht and GRP and LOCUS","0.0430316532079032"
"186","27","Fis and GRP and LOCUS","0.379614927584244"
"187","27","SHANNON_IDX and GRP and LOCUS","0.0518430794796662"
"188","27","value and variable and LOCUS","0.0492968977018185"
"189","27","hobs and Bay and locus","0.336659875125563"
"190","28","Hs and GRP and LOCUS","0.0405334249797832"
"191","28","EVENNESS and GRP and LOCUS","0.0764173738576298"
"192","28","Ht and GRP and LOCUS","0.0405334249797832"
"193","28","Fis and GRP and LOCUS","0.680769054164965"
"194","28","SHANNON_IDX and GRP and LOCUS","0.0128385914515192"
"195","28","value and variable and LOCUS","0.0492968977018185"
"196","28","hobs and Bay and locus","0.336659875125563"
"197","29","Hs and GRP and LOCUS","0.0828379097643501"
"198","29","EVENNESS and GRP and LOCUS","0.354570106759468"
"199","29","Ht and GRP and LOCUS","0.0828379097643501"
"200","29","Fis and GRP and LOCUS","0.412814903922792"
"201","29","SHANNON_IDX and GRP and LOCUS","0.107379704909595"
"202","29","value and variable and LOCUS","0.0492968977018185"
"203","29","hobs and Bay and locus","0.336659875125563"
"204","30","Hs and GRP and LOCUS","0.0387764673498511"
"205","30","EVENNESS and GRP and LOCUS","0.0915781944436709"
"206","30","Ht and GRP and LOCUS","0.0387764673498511"
"207","30","Fis and GRP and LOCUS","0.925950848036516"
"208","30","SHANNON_IDX and GRP and LOCUS","0.0529223551566082"
"209","30","value and variable and LOCUS","0.0492968977018185"
"210","30","hobs and Bay and locus","0.336659875125563"
"211","31","Hs and GRP and LOCUS","0.0636481899886552"
"212","31","EVENNESS and GRP and LOCUS","0.0233914865531657"
"213","31","Ht and GRP and LOCUS","0.0636481899886552"
"214","31","Fis and GRP and LOCUS","0.617991879881754"
"215","31","SHANNON_IDX and GRP and LOCUS","0.0828379097643501"
"216","31","value and variable and LOCUS","0.0492968977018185"
"217","31","hobs and Bay and locus","0.336659875125563"
"218","32","Hs and GRP and LOCUS","0.097230024092102"
"219","32","EVENNESS and GRP and LOCUS","0.386086014541581"
"220","32","Ht and GRP and LOCUS","0.097230024092102"
"221","32","Fis and GRP and LOCUS","0.58323302328023"
"222","32","SHANNON_IDX and GRP and LOCUS","0.00585893870795103"
"223","32","value and variable and LOCUS","0.0492968977018185"
"224","32","hobs and Bay and locus","0.336659875125563"
"225","33","Hs and GRP and LOCUS","0.0649600963068597"
"226","33","EVENNESS and GRP and LOCUS","0.105273951437281"
"227","33","Ht and GRP and LOCUS","0.0649600963068597"
"228","33","Fis and GRP and LOCUS","0.600494040036273"
"229","33","SHANNON_IDX and GRP and LOCUS","0.138554206358717"
"230","33","value and variable and LOCUS","0.0492968977018185"
"231","33","hobs and Bay and locus","0.336659875125563"
"232","34","Hs and GRP and LOCUS","0.0562902801699481"
"233","34","EVENNESS and GRP and LOCUS","0.0518430794796662"
"234","34","Ht and GRP and LOCUS","0.0562902801699481"
"235","34","Fis and GRP and LOCUS","0.826641467296776"
"236","34","SHANNON_IDX and GRP and LOCUS","0.0953107737881653"
"237","34","value and variable and LOCUS","0.0492968977018185"
"238","34","hobs and Bay and locus","0.336659875125563"
"239","35","Hs and GRP and LOCUS","0.013405024872311"
"240","35","EVENNESS and GRP and LOCUS","0.248660397137074"
"241","35","Ht and GRP and LOCUS","0.013405024872311"
"242","35","Fis and GRP and LOCUS","0.455439844666619"
"243","35","SHANNON_IDX and GRP and LOCUS","0.0177269770552128"
"244","35","value and variable and LOCUS","0.0492968977018185"
"245","35","hobs and Bay and locus","0.336659875125563"
"246","36","Hs and GRP and LOCUS","0.0598617972613097"
"247","36","EVENNESS and GRP and LOCUS","0.138554206358717"
"248","36","Ht and GRP and LOCUS","0.0598617972613097"
"249","36","Fis and GRP and LOCUS","0.287297495183646"
"250","36","SHANNON_IDX and GRP and LOCUS","0.0636481899886552"
"251","36","value and variable and LOCUS","0.0492968977018185"
"252","36","hobs and Bay and locus","0.336659875125563"
"253","37","Hs and GRP and LOCUS","0.0879829919294423"
"254","37","EVENNESS and GRP and LOCUS","0.287297495183646"
"255","37","Ht and GRP and LOCUS","0.0879829919294423"
"256","37","Fis and GRP and LOCUS","0.799778861248532"
"257","37","SHANNON_IDX and GRP and LOCUS","0.0356663390700792"
"258","37","value and variable and LOCUS","0.0492968977018185"
"259","37","hobs and Bay and locus","0.336659875125563"
"260","38","Hs and GRP and LOCUS","0.0252238347771553"
"261","38","EVENNESS and GRP and LOCUS","0.0120324595886251"
"262","38","Ht and GRP and LOCUS","0.0252238347771553"
"263","38","Fis and GRP and LOCUS","0.963063686886233"
"264","38","SHANNON_IDX and GRP and LOCUS","0.0562902801699481"
"265","38","value and variable and LOCUS","0.0492968977018185"
"266","38","hobs and Bay and locus","0.336659875125563"
"267","39","Hs and GRP and LOCUS","0.0540230509075708"
"268","39","EVENNESS and GRP and LOCUS","0.267384881571602"
"269","39","Ht and GRP and LOCUS","0.0540230509075708"
"270","39","Fis and GRP and LOCUS","0.808792135410999"
"271","39","SHANNON_IDX and GRP and LOCUS","0.0136973049162421"
"272","39","value and variable and LOCUS","0.0492968977018185"
"273","39","hobs and Bay and locus","0.336659875125563"
"274","40","Hs and GRP and LOCUS","0.0497472474179436"
"275","40","EVENNESS and GRP and LOCUS","0.0321151783444109"
"276","40","Ht and GRP and LOCUS","0.0497472474179436"
"277","40","Fis and GRP and LOCUS","0.214590558219988"
"278","40","SHANNON_IDX and GRP and LOCUS","0.0430316532079032"
"279","40","value and variable and LOCUS","0.0492968977018185"
"280","40","hobs and Bay and locus","0.336659875125563"
"281","41","Hs and GRP and LOCUS","0.0562902801699481"
"282","41","EVENNESS and GRP and LOCUS","0.433748995745642"
"283","41","Ht and GRP and LOCUS","0.0562902801699481"
"284","41","Fis and GRP and LOCUS","0.485521566081148"
"285","41","SHANNON_IDX and GRP and LOCUS","0.0636481899886552"
"286","41","value and variable and LOCUS","0.0492968977018185"
"287","41","hobs and Bay and locus","0.336659875125563"
"288","42","Hs and GRP and LOCUS","0.0457960086629708"
"289","42","EVENNESS and GRP and LOCUS","0.253232594350385"
"290","42","Ht and GRP and LOCUS","0.0457960086629708"
"291","42","Fis and GRP and LOCUS","0.763322981719361"
"292","42","SHANNON_IDX and GRP and LOCUS","0.111709292816043"
"293","42","value and variable and LOCUS","0.0492968977018185"
"294","42","hobs and Bay and locus","0.336659875125563"
"295","43","Hs and GRP and LOCUS","0.0623614661317107"
"296","43","EVENNESS and GRP and LOCUS","0.191803643784121"
"297","43","Ht and GRP and LOCUS","0.0623614661317107"
"298","43","Fis and GRP and LOCUS","0.128170572917065"
"299","43","SHANNON_IDX and GRP and LOCUS","0.0379753501207435"
"300","43","value and variable and LOCUS","0.0492968977018185"
"301","43","hobs and Bay and locus","0.336659875125563"
"302","44","Hs and GRP and LOCUS","0.0929659335528445"
"303","44","EVENNESS and GRP and LOCUS","0.455439844666619"
"304","44","Ht and GRP and LOCUS","0.0929659335528445"
"305","44","Fis and GRP and LOCUS","0.28220555257319"
"306","44","SHANNON_IDX and GRP and LOCUS","0.0404276819945128"
"307","44","value and variable and LOCUS","0.0492968977018185"
"308","44","hobs and Bay and locus","0.336659875125563"
"309","45","Hs and GRP and LOCUS","0.0498119031855496"
"310","45","EVENNESS and GRP and LOCUS","0.485521566081148"
"311","45","Ht and GRP and LOCUS","0.0498119031855496"
"312","45","Fis and GRP and LOCUS","0.244159605124641"
"313","45","SHANNON_IDX and GRP and LOCUS","0.0598617972613097"
"314","45","value and variable and LOCUS","0.0492968977018185"
"315","45","hobs and Bay and locus","0.336659875125563"
"316","46","Hs and GRP and LOCUS","0.0529223551566082"
"317","46","EVENNESS and GRP and LOCUS","0.297414757528622"
"318","46","Ht and GRP and LOCUS","0.0529223551566082"
"319","46","Fis and GRP and LOCUS","0.635705452703702"
"320","46","SHANNON_IDX and GRP and LOCUS","0.0128264273395238"
"321","46","value and variable and LOCUS","0.0492968977018185"
"322","46","hobs and Bay and locus","0.336659875125563"
"323","47","Hs and GRP and LOCUS","0.0315051460255402"
"324","47","EVENNESS and GRP and LOCUS","0.191803643784121"
"325","47","Ht and GRP and LOCUS","0.0315051460255402"
"326","47","Fis and GRP and LOCUS","0.485521566081148"
"327","47","SHANNON_IDX and GRP and LOCUS","0.0467546762950518"
"328","47","value and variable and LOCUS","0.0492968977018185"
"329","47","hobs and Bay and locus","0.336659875125563"
"330","48","Hs and GRP and LOCUS","0.138554206358717"
"331","48","EVENNESS and GRP and LOCUS","0.336659875125563"
"332","48","Ht and GRP and LOCUS","0.138554206358717"
"333","48","Fis and GRP and LOCUS","0.226855612372603"
"334","48","SHANNON_IDX and GRP and LOCUS","0.0623614661317107"
"335","48","value and variable and LOCUS","0.0492968977018185"
"336","48","hobs and Bay and locus","0.336659875125563"
"337","49","Hs and GRP and LOCUS","0.0733860569923959"
"338","49","EVENNESS and GRP and LOCUS","0.0185022682200062"
"339","49","Ht and GRP and LOCUS","0.0733860569923959"
"340","49","Fis and GRP and LOCUS","0.781616286897203"
"341","49","SHANNON_IDX and GRP and LOCUS","0.0610994809603327"
"342","49","value and variable and LOCUS","0.0492968977018185"
"343","49","hobs and Bay and locus","0.336659875125563"
"344","50","Hs and GRP and LOCUS","0.0405334249797832"
"345","50","EVENNESS and GRP and LOCUS","0.0953107737881653"
"346","50","Ht and GRP and LOCUS","0.0405334249797832"
"347","50","Fis and GRP and LOCUS","0.931621943810032"
"348","50","SHANNON_IDX and GRP and LOCUS","0.0112757939473318"
"349","50","value and variable and LOCUS","0.0492968977018185"
"350","50","hobs and Bay and locus","0.336659875125563"
"351","51","Hs and GRP and LOCUS","0.0934270249360549"
"352","51","EVENNESS and GRP and LOCUS","0.0897637063704031"
"353","51","Ht and GRP and LOCUS","0.0934270249360549"
"354","51","Fis and GRP and LOCUS","0.835459881448"
"355","51","SHANNON_IDX and GRP and LOCUS","0.0448561785358023"
"356","51","value and variable and LOCUS","0.0492968977018185"
"357","51","hobs and Bay and locus","0.336659875125563"
"358","52","Hs and GRP and LOCUS","0.0131188277852148"
"359","52","EVENNESS and GRP and LOCUS","0.336659875125563"
"360","52","Ht and GRP and LOCUS","0.0131188277852148"
"361","52","Fis and GRP and LOCUS","0.869799821343359"
"362","52","SHANNON_IDX and GRP and LOCUS","0.00276220615651769"
"363","52","value and variable and LOCUS","0.0492968977018185"
"364","52","hobs and Bay and locus","0.336659875125563"
"365","53","Hs and GRP and LOCUS","0.0487299356050326"
"366","53","EVENNESS and GRP and LOCUS","0.0828379097643501"
"367","53","Ht and GRP and LOCUS","0.0487299356050326"
"368","53","Fis and GRP and LOCUS","0.455439844666619"
"369","53","SHANNON_IDX and GRP and LOCUS","0.0189021692495017"
"370","53","value and variable and LOCUS","0.0492968977018185"
"371","53","hobs and Bay and locus","0.336659875125563"
"372","54","Hs and GRP and LOCUS","0.00536564620896891"
"373","54","EVENNESS and GRP and LOCUS","0.164790383284819"
"374","54","Ht and GRP and LOCUS","0.00536564620896891"
"375","54","Fis and GRP and LOCUS","0.626823123978229"
"376","54","SHANNON_IDX and GRP and LOCUS","0.00193294950560112"
"377","54","value and variable and LOCUS","0.0492968977018185"
"378","54","hobs and Bay and locus","0.336659875125563"
"379","55","Hs and GRP and LOCUS","0.0201528883399488"
"380","55","EVENNESS and GRP and LOCUS","0.199148273471456"
"381","55","Ht and GRP and LOCUS","0.0201528883399488"
"382","55","Fis and GRP and LOCUS","0.886260168370955"
"383","55","SHANNON_IDX and GRP and LOCUS","0.0228997154167874"
"384","55","value and variable and LOCUS","0.0492968977018185"
"385","55","hobs and Bay and locus","0.336659875125563"
"386","56","Hs and GRP and LOCUS","0.0143006145659268"
"387","56","EVENNESS and GRP and LOCUS","0.0487299356050326"
"388","56","Ht and GRP and LOCUS","0.0143006145659268"
"389","56","Fis and GRP and LOCUS","0.735758882342885"
"390","56","SHANNON_IDX and GRP and LOCUS","0.000316669167522092"
"391","56","value and variable and LOCUS","0.0492968977018185"
"392","56","hobs and Bay and locus","0.336659875125563"
"393","57","Hs and GRP and LOCUS","0.0649600963068597"
"394","57","EVENNESS and GRP and LOCUS","0.123252075180644"
"395","57","Ht and GRP and LOCUS","0.0649600963068597"
"396","57","Fis and GRP and LOCUS","0.662627266206845"
"397","57","SHANNON_IDX and GRP and LOCUS","0.0649600963068597"
"398","57","value and variable and LOCUS","0.0492968977018185"
"399","57","hobs and Bay and locus","0.336659875125563"
"400","58","Hs and GRP and LOCUS","0.0364205813083916"
"401","58","EVENNESS and GRP and LOCUS","0.188222735655346"
"402","58","Ht and GRP and LOCUS","0.0364205813083916"
"403","58","Fis and GRP and LOCUS","0.938448064449895"
"404","58","SHANNON_IDX and GRP and LOCUS","0.0623614661317107"
"405","58","value and variable and LOCUS","0.0492968977018185"
"406","58","hobs and Bay and locus","0.336659875125563"
"407","59","Hs and GRP and LOCUS","0.0704686542640804"
"408","59","EVENNESS and GRP and LOCUS","0.0173512652366645"
"409","59","Ht and GRP and LOCUS","0.0704686542640804"
"410","59","Fis and GRP and LOCUS","0.412814903922792"
"411","59","SHANNON_IDX and GRP and LOCUS","0.0364205813083916"
"412","59","value and variable and LOCUS","0.0492968977018185"
"413","59","hobs and Bay and locus","0.336659875125563"
"414","60","Hs and GRP and LOCUS","0.218612540577137"
"415","60","EVENNESS and GRP and LOCUS","0.226855612372603"
"416","60","Ht and GRP and LOCUS","0.218612540577137"
"417","60","Fis and GRP and LOCUS","0.146842387825435"
"418","60","SHANNON_IDX and GRP and LOCUS","0.0265640143500164"
"419","60","value and variable and LOCUS","0.0492968977018185"
"420","60","hobs and Bay and locus","0.336659875125563"
"421","61","Hs and GRP and LOCUS","0.0214837703764402"
"422","61","EVENNESS and GRP and LOCUS","0.109524607815211"
"423","61","Ht and GRP and LOCUS","0.0214837703764402"
"424","61","Fis and GRP and LOCUS","0.968454457111835"
"425","61","SHANNON_IDX and GRP and LOCUS","0.0342026994087168"
"426","61","value and variable and LOCUS","0.0492968977018185"
"427","61","hobs and Bay and locus","0.336659875125563"
"428","62","Hs and GRP and LOCUS","0.0598617972613097"
"429","62","EVENNESS and GRP and LOCUS","0.426686588804465"
"430","62","Ht and GRP and LOCUS","0.0598617972613097"
"431","62","Fis and GRP and LOCUS","0.501049380114235"
"432","62","SHANNON_IDX and GRP and LOCUS","0.111709292816043"
"433","62","value and variable and LOCUS","0.0492968977018185"
"434","62","hobs and Bay and locus","0.336659875125563"
"435","63","Hs and GRP and LOCUS","0.013539864232611"
"436","63","EVENNESS and GRP and LOCUS","0.600494040036273"
"437","63","Ht and GRP and LOCUS","0.013539864232611"
"438","63","Fis and GRP and LOCUS","0.945022758337587"
"439","63","SHANNON_IDX and GRP and LOCUS","0.00989926910681374"
"440","63","value and variable and LOCUS","0.0492968977018185"
"441","63","hobs and Bay and locus","0.336659875125563"
"442","64","Hs and GRP and LOCUS","0.0775437841872948"
"443","64","EVENNESS and GRP and LOCUS","0.485521566081148"
"444","64","Ht and GRP and LOCUS","0.0775437841872948"
"445","64","Fis and GRP and LOCUS","0.781616286897203"
"446","64","SHANNON_IDX and GRP and LOCUS","0.0307923201650033"
"447","64","value and variable and LOCUS","0.0492968977018185"
"448","64","hobs and Bay and locus","0.336659875125563"
"449","65","Hs and GRP and LOCUS","0.0722249277936564"
"450","65","EVENNESS and GRP and LOCUS","0.181239851196556"
"451","65","Ht and GRP and LOCUS","0.0722249277936564"
"452","65","Fis and GRP and LOCUS","0.171201256709138"
"453","65","SHANNON_IDX and GRP and LOCUS","0.0779769994664841"
"454","65","value and variable and LOCUS","0.0492968977018185"
"455","65","hobs and Bay and locus","0.336659875125563"
"456","66","Hs and GRP and LOCUS","0.0529223551566082"
"457","66","EVENNESS and GRP and LOCUS","0.0233914865531657"
"458","66","Ht and GRP and LOCUS","0.0529223551566082"
"459","66","Fis and GRP and LOCUS","0.406005849709838"
"460","66","SHANNON_IDX and GRP and LOCUS","0.0271317298611501"
"461","66","value and variable and LOCUS","0.0492968977018185"
"462","66","hobs and Bay and locus","0.336659875125563"
"463","67","Hs and GRP and LOCUS","0.118020246474217"
"464","67","EVENNESS and GRP and LOCUS","0.330854184285252"
"465","67","Ht and GRP and LOCUS","0.118020246474217"
"466","67","Fis and GRP and LOCUS","0.574697205829804"
"467","67","SHANNON_IDX and GRP and LOCUS","0.00713717434483172"
"468","67","value and variable and LOCUS","0.0492968977018185"
"469","67","hobs and Bay and locus","0.336659875125563"
"470","68","Hs and GRP and LOCUS","0.0430316532079032"
"471","68","EVENNESS and GRP and LOCUS","0.0529223551566082"
"472","68","Ht and GRP and LOCUS","0.0430316532079032"
"473","68","Fis and GRP and LOCUS","0.886260168370955"
"474","68","SHANNON_IDX and GRP and LOCUS","0.0214837703764402"
"475","68","value and variable and LOCUS","0.0492968977018185"
"476","68","hobs and Bay and locus","0.336659875125563"
"477","69","Hs and GRP and LOCUS","0.0289061180327211"
"478","69","EVENNESS and GRP and LOCUS","0.253232594350385"
"479","69","Ht and GRP and LOCUS","0.0289061180327211"
"480","69","Fis and GRP and LOCUS","0.772482353507138"
"481","69","SHANNON_IDX and GRP and LOCUS","0.00411778171604263"
"482","69","value and variable and LOCUS","0.0492968977018185"
"483","69","hobs and Bay and locus","0.336659875125563"
"484","70","Hs and GRP and LOCUS","0.0636481899886552"
"485","70","EVENNESS and GRP and LOCUS","0.342547479826059"
"486","70","Ht and GRP and LOCUS","0.0636481899886552"
"487","70","Fis and GRP and LOCUS","0.878098617750442"
"488","70","SHANNON_IDX and GRP and LOCUS","0.0518430794796662"
"489","70","value and variable and LOCUS","0.0492968977018185"
"490","70","hobs and Bay and locus","0.336659875125563"
"491","71","Hs and GRP and LOCUS","0.0277111652553526"
"492","71","EVENNESS and GRP and LOCUS","0.360705887904675"
"493","71","Ht and GRP and LOCUS","0.0277111652553526"
"494","71","Fis and GRP and LOCUS","0.191803643784121"
"495","71","SHANNON_IDX and GRP and LOCUS","0.0610994809603327"
"496","71","value and variable and LOCUS","0.0492968977018185"
"497","71","hobs and Bay and locus","0.336659875125563"
"498","72","Hs and GRP and LOCUS","0.0507848371343393"
"499","72","EVENNESS and GRP and LOCUS","0.101177397134286"
"500","72","Ht and GRP and LOCUS","0.0507848371343393"
"501","72","Fis and GRP and LOCUS","0.181239851196556"
"502","72","SHANNON_IDX and GRP and LOCUS","0.0497472474179436"
"503","72","value and variable and LOCUS","0.0492968977018185"
"504","72","hobs and Bay and locus","0.336659875125563"
"505","73","Hs and GRP and LOCUS","0.00385336867817427"
"506","73","EVENNESS and GRP and LOCUS","0.174490384554541"
"507","73","Ht and GRP and LOCUS","0.00385336867817427"
"508","73","Fis and GRP and LOCUS","0.325129951470739"
"509","73","SHANNON_IDX and GRP and LOCUS","0.0395938086319509"
"510","73","value and variable and LOCUS","0.0492968977018185"
"511","73","hobs and Bay and locus","0.336659875125563"
"512","74","Hs and GRP and LOCUS","0.0507848371343393"
"513","74","EVENNESS and GRP and LOCUS","0.19544523061179"
"514","74","Ht and GRP and LOCUS","0.0507848371343393"
"515","74","Fis and GRP and LOCUS","0.253232594350385"
"516","74","SHANNON_IDX and GRP and LOCUS","0.0764173738576298"
"517","74","value and variable and LOCUS","0.0492968977018185"
"518","74","hobs and Bay and locus","0.336659875125563"
"519","75","Hs and GRP and LOCUS","0.0219460507809396"
"520","75","EVENNESS and GRP and LOCUS","0.0321151783444109"
"521","75","Ht and GRP and LOCUS","0.0219460507809396"
"522","75","Fis and GRP and LOCUS","0.336659875125563"
"523","75","SHANNON_IDX and GRP and LOCUS","0.0173512652366645"
"524","75","value and variable and LOCUS","0.0492968977018185"
"525","75","hobs and Bay and locus","0.336659875125563"
"526","76","Hs and GRP and LOCUS","0.0226764857711789"
"527","76","EVENNESS and GRP and LOCUS","0.171201256709138"
"528","76","Ht and GRP and LOCUS","0.0226764857711789"
"529","76","Fis and GRP and LOCUS","0.58323302328023"
"530","76","SHANNON_IDX and GRP and LOCUS","0.0120324595886251"
"531","76","value and variable and LOCUS","0.0492968977018185"
"532","76","hobs and Bay and locus","0.336659875125563"
"533","77","Hs and GRP and LOCUS","0.0105656548316982"
"534","77","EVENNESS and GRP and LOCUS","0.303037557719149"
"535","77","Ht and GRP and LOCUS","0.0105656548316982"
"536","77","Fis and GRP and LOCUS","0.549493168584713"
"537","77","SHANNON_IDX and GRP and LOCUS","0.0136973049162421"
"538","77","value and variable and LOCUS","0.0492968977018185"
"539","77","hobs and Bay and locus","0.336659875125563"
"540","78","Hs and GRP and LOCUS","0.0845206445489824"
"541","78","EVENNESS and GRP and LOCUS","0.155581143608583"
"542","78","Ht and GRP and LOCUS","0.0845206445489824"
"543","78","Fis and GRP and LOCUS","0.626823123978229"
"544","78","SHANNON_IDX and GRP and LOCUS","0.0238934807761042"
"545","78","value and variable and LOCUS","0.0492968977018185"
"546","78","hobs and Bay and locus","0.336659875125563"
"547","79","Hs and GRP and LOCUS","0.00653845570726248"
"548","79","EVENNESS and GRP and LOCUS","0.116200574410595"
"549","79","Ht and GRP and LOCUS","0.00653845570726248"
"550","79","Fis and GRP and LOCUS","0.325129951470739"
"551","79","SHANNON_IDX and GRP and LOCUS","0.0507848371343393"
"552","79","value and variable and LOCUS","0.0492968977018185"
"553","79","hobs and Bay and locus","0.336659875125563"
"554","80","Hs and GRP and LOCUS","0.075220497774424"
"555","80","EVENNESS and GRP and LOCUS","0.0131188277852148"
"556","80","Ht and GRP and LOCUS","0.075220497774424"
"557","80","Fis and GRP and LOCUS","0.37632087697544"
"558","80","SHANNON_IDX and GRP and LOCUS","0.0845206445489824"
"559","80","value and variable and LOCUS","0.0492968977018185"
"560","80","hobs and Bay and locus","0.336659875125563"
"561","81","Hs and GRP and LOCUS","0.0349271394436605"
"562","81","EVENNESS and GRP and LOCUS","0.210633915757466"
"563","81","Ht and GRP and LOCUS","0.0349271394436605"
"564","81","Fis and GRP and LOCUS","0.852837004517645"
"565","81","SHANNON_IDX and GRP and LOCUS","0.00762114947186746"
"566","81","value and variable and LOCUS","0.0492968977018185"
"567","81","hobs and Bay and locus","0.336659875125563"
"568","82","Hs and GRP and LOCUS","0.11393439951671"
"569","82","EVENNESS and GRP and LOCUS","0.0574576179173541"
"570","82","Ht and GRP and LOCUS","0.11393439951671"
"571","82","Fis and GRP and LOCUS","0.938448064449895"
"572","82","SHANNON_IDX and GRP and LOCUS","0.071913362764665"
"573","82","value and variable and LOCUS","0.0492968977018185"
"574","82","hobs and Bay and locus","0.336659875125563"
"575","83","Hs and GRP and LOCUS","0.0779769994664841"
"576","83","EVENNESS and GRP and LOCUS","0.0395938086319509"
"577","83","Ht and GRP and LOCUS","0.0779769994664841"
"578","83","Fis and GRP and LOCUS","0.455439844666619"
"579","83","SHANNON_IDX and GRP and LOCUS","0.0107973727672245"
"580","83","value and variable and LOCUS","0.0492968977018185"
"581","83","hobs and Bay and locus","0.336659875125563"
"582","84","Hs and GRP and LOCUS","0.086235489485618"
"583","84","EVENNESS and GRP and LOCUS","0.133269428345211"
"584","84","Ht and GRP and LOCUS","0.086235489485618"
"585","84","Fis and GRP and LOCUS","0.626823123978229"
"586","84","SHANNON_IDX and GRP and LOCUS","0.0430316532079032"
"587","84","value and variable and LOCUS","0.0492968977018185"
"588","84","hobs and Bay and locus","0.336659875125563"
"589","85","Hs and GRP and LOCUS","0.0897637063704031"
"590","85","EVENNESS and GRP and LOCUS","0.149704267613539"
"591","85","Ht and GRP and LOCUS","0.0897637063704031"
"592","85","Fis and GRP and LOCUS","0.524930946786104"
"593","85","SHANNON_IDX and GRP and LOCUS","0.0107973727672245"
"594","85","value and variable and LOCUS","0.0492968977018185"
"595","85","hobs and Bay and locus","0.336659875125563"
"596","86","Hs and GRP and LOCUS","0.109524607815211"
"597","86","EVENNESS and GRP and LOCUS","0.354570106759468"
"598","86","Ht and GRP and LOCUS","0.109524607815211"
"599","86","Fis and GRP and LOCUS","0.600494040036273"
"600","86","SHANNON_IDX and GRP and LOCUS","0.0477325328843162"
"601","86","value and variable and LOCUS","0.0492968977018185"
"602","86","hobs and Bay and locus","0.336659875125563"
"603","87","Hs and GRP and LOCUS","0.0497472474179436"
"604","87","EVENNESS and GRP and LOCUS","0.0636481899886552"
"605","87","Ht and GRP and LOCUS","0.0497472474179436"
"606","87","Fis and GRP and LOCUS","0.325129951470739"
"607","87","SHANNON_IDX and GRP and LOCUS","0.0412784006632408"
"608","87","value and variable and LOCUS","0.0492968977018185"
"609","87","hobs and Bay and locus","0.336659875125563"
"610","88","Hs and GRP and LOCUS","0.0318391625324578"
"611","88","EVENNESS and GRP and LOCUS","0.0828379097643501"
"612","88","Ht and GRP and LOCUS","0.0318391625324578"
"613","88","Fis and GRP and LOCUS","0.689886493136493"
"614","88","SHANNON_IDX and GRP and LOCUS","0.0210309391373491"
"615","88","value and variable and LOCUS","0.0492968977018185"
"616","88","hobs and Bay and locus","0.336659875125563"
"617","89","Hs and GRP and LOCUS","0.0295221069262744"
"618","89","EVENNESS and GRP and LOCUS","0.0277111652553526"
"619","89","Ht and GRP and LOCUS","0.0295221069262744"
"620","89","Fis and GRP and LOCUS","0.177836326498217"
"621","89","SHANNON_IDX and GRP and LOCUS","0.0307923201650033"
"622","89","value and variable and LOCUS","0.0492968977018185"
"623","89","hobs and Bay and locus","0.336659875125563"
"624","90","Hs and GRP and LOCUS","0.0649600963068597"
"625","90","EVENNESS and GRP and LOCUS","0.167968177159535"
"626","90","Ht and GRP and LOCUS","0.0649600963068597"
"627","90","Fis and GRP and LOCUS","0.591832713459856"
"628","90","SHANNON_IDX and GRP and LOCUS","0.123252075180644"
"629","90","value and variable and LOCUS","0.0492968977018185"
"630","90","hobs and Bay and locus","0.336659875125563"
"631","91","Hs and GRP and LOCUS","0.0507848371343393"
"632","91","EVENNESS and GRP and LOCUS","0.028302550089619"
"633","91","Ht and GRP and LOCUS","0.0507848371343393"
"634","91","Fis and GRP and LOCUS","0.386086014541581"
"635","91","SHANNON_IDX and GRP and LOCUS","0.0110340515814978"
"636","91","value and variable and LOCUS","0.0492968977018185"
"637","91","hobs and Bay and locus","0.336659875125563"
"638","92","Hs and GRP and LOCUS","0.0260077932161371"
"639","92","EVENNESS and GRP and LOCUS","0.210633915757466"
"640","92","Ht and GRP and LOCUS","0.0260077932161371"
"641","92","Fis and GRP and LOCUS","0.869799821343359"
"642","92","SHANNON_IDX and GRP and LOCUS","0.0314470416135344"
"643","92","value and variable and LOCUS","0.0492968977018185"
"644","92","hobs and Bay and locus","0.336659875125563"
"645","93","Hs and GRP and LOCUS","0.0477325328843162"
"646","93","EVENNESS and GRP and LOCUS","0.202913550166514"
"647","93","Ht and GRP and LOCUS","0.0477325328843162"
"648","93","Fis and GRP and LOCUS","0.566227349436926"
"649","93","SHANNON_IDX and GRP and LOCUS","0.107379704909595"
"650","93","value and variable and LOCUS","0.0492968977018185"
"651","93","hobs and Bay and locus","0.336659875125563"
"652","94","Hs and GRP and LOCUS","0.174490384554541"
"653","94","EVENNESS and GRP and LOCUS","0.386086014541581"
"654","94","Ht and GRP and LOCUS","0.174490384554541"
"655","94","Fis and GRP and LOCUS","0.516893147411009"
"656","94","SHANNON_IDX and GRP and LOCUS","0.146842387825435"
"657","94","value and variable and LOCUS","0.0492968977018185"
"658","94","hobs and Bay and locus","0.336659875125563"
"659","95","Hs and GRP and LOCUS","0.0239173405624704"
"660","95","EVENNESS and GRP and LOCUS","0.0733860569923959"
"661","95","Ht and GRP and LOCUS","0.0239173405624704"
"662","95","Fis and GRP and LOCUS","0.386086014541581"
"663","95","SHANNON_IDX and GRP and LOCUS","0.0265640143500164"
"664","95","value and variable and LOCUS","0.0492968977018185"
"665","95","hobs and Bay and locus","0.336659875125563"
"666","96","Hs and GRP and LOCUS","0.0205873722685556"
"667","96","EVENNESS and GRP and LOCUS","0.181239851196556"
"668","96","Ht and GRP and LOCUS","0.0205873722685556"
"669","96","Fis and GRP and LOCUS","0.524930946786104"
"670","96","SHANNON_IDX and GRP and LOCUS","0.0574576179173541"
"671","96","value and variable and LOCUS","0.0492968977018185"
"672","96","hobs and Bay and locus","0.336659875125563"
"673","97","Hs and GRP and LOCUS","0.0314470416135344"
"674","97","EVENNESS and GRP and LOCUS","0.0349271394436605"
"675","97","Ht and GRP and LOCUS","0.0314470416135344"
"676","97","Fis and GRP and LOCUS","0.754144995736277"
"677","97","SHANNON_IDX and GRP and LOCUS","0.0277111652553526"
"678","97","value and variable and LOCUS","0.0492968977018185"
"679","97","hobs and Bay and locus","0.336659875125563"
"680","98","Hs and GRP and LOCUS","0.086235489485618"
"681","98","EVENNESS and GRP and LOCUS","0.272249916505032"
"682","98","Ht and GRP and LOCUS","0.086235489485618"
"683","98","Fis and GRP and LOCUS","0.135888225400433"
"684","98","SHANNON_IDX and GRP and LOCUS","0.0219460507809396"
"685","98","value and variable and LOCUS","0.0492968977018185"
"686","98","hobs and Bay and locus","0.336659875125563"
"687","99","Hs and GRP and LOCUS","0.105273951437281"
"688","99","EVENNESS and GRP and LOCUS","0.354570106759468"
"689","99","Ht and GRP and LOCUS","0.105273951437281"
"690","99","Fis and GRP and LOCUS","0.386086014541581"
"691","99","SHANNON_IDX and GRP and LOCUS","0.0090743170611316"
"692","99","value and variable and LOCUS","0.0492968977018185"
"693","99","hobs and Bay and locus","0.336659875125563"
"694","100","Hs and GRP and LOCUS","0.0249289519526271"
"695","100","EVENNESS and GRP and LOCUS","0.373228025833499"
"696","100","Ht and GRP and LOCUS","0.0249289519526271"
"697","100","Fis and GRP and LOCUS","0.591832713459856"
"698","100","SHANNON_IDX and GRP and LOCUS","0.0205873722685556"
"699","100","value and variable and LOCUS","0.0492968977018185"
"700","100","hobs and Bay and locus","0.336659875125563"
